Month,Year,Median Home Values (in thousands of dollars),30-year Fixed Mortgage Rate (%),Private Housing Permits (in thousands),Total Vehicle Sales (in thousands),Discount Rate (%),Personal Savings Rate (%),Real Disposable Personal Income: Per Capita (in thousands of dollars),Industrial Production Index (%),Commercial and Industrial Loans (in thousands of dollars),CPI for All Urban Consumers (%),Seasonally Adjusted Unemployment Rate (%),Federal Funds Effective Rate (%),S&P500 price close at end of the month (^GSPC) (dollars)
January,2000,131.59,8.21,107.30,18635.00,5.00,5.00,33.12,91.63,1003637000.00,168.80,4.00,5.45,1366.42
February,2000,131.36,8.33,121.80,19401.00,5.24,4.50,33.22,91.96,1016649100.00,169.80,4.10,5.73,1498.58
March,2000,132.87,8.24,153.70,18343.00,5.34,4.30,33.28,92.31,1026226300.00,171.20,4.00,5.85,1452.43
April,2000,134.13,8.15,138.90,17939.00,5.50,4.80,33.43,92.89,1035175600.00,171.30,3.80,6.02,1420.60
May,2000,135.19,8.52,148.90,17943.00,5.71,4.80,33.54,93.16,1052021300.00,171.50,4.00,6.27,1454.60
June,2000,136.57,8.29,155.10,17596.00,6.00,4.80,33.60,93.22,1062766300.00,172.40,4.00,6.53,1430.83
July,2000,137.26,8.15,129.80,17316.00,6.00,5.10,33.75,93.04,1068573600.00,172.80,4.00,6.54,1517.68
August,2000,137.66,8.03,146.80,17531.00,6.00,5.20,33.92,92.79,1071690400.00,172.80,4.10,6.50,1436.51
September,2000,138.24,7.91,131.40,18654.00,6.00,4.50,33.92,93.15,1072967300.00,173.70,3.90,6.52,1429.40
October,2000,138.69,7.80,134.80,17514.00,6.00,4.80,33.99,92.84,1077976900.00,174.00,3.90,6.51,1314.95
November,2000,139.13,7.75,121.00,16634.00,6.00,4.70,33.97,92.84,1080497600.00,174.10,3.90,6.51,1320.28
December,2000,139.56,7.38,102.90,16222.00,6.00,4.40,34.00,92.53,1085297200.00,174.00,3.90,6.40,1366.01
January,2001,140.15,7.03,117.00,17652.00,5.52,4.90,34.15,92.03,1094091500.00,175.10,4.20,5.98,1239.94
February,2001,141.06,7.05,114.30,17826.00,5.00,5.00,34.17,91.41,1094335600.00,175.80,4.20,5.49,1160.33
March,2001,142.32,6.95,147.70,17248.00,4.81,5.30,34.23,91.18,1091984500.00,176.20,4.30,5.31,1249.46
April,2001,143.56,7.08,148.60,16872.00,4.28,5.10,34.10,90.88,1089164300.00,176.90,4.40,4.80,1255.82
May,2001,144.75,7.15,159.80,16876.00,3.73,4.50,33.99,90.38,1084144000.00,177.70,4.30,4.21,1224.38
June,2001,145.94,7.16,153.90,17464.00,3.47,4.40,33.95,89.86,1072030900.00,178.00,4.50,3.97,1211.23
July,2001,146.76,7.13,140.60,16463.00,3.25,5.60,34.42,89.33,1063971800.00,177.50,4.60,3.77,1133.58
August,2001,147.32,6.95,151.40,16348.00,3.16,6.60,34.95,89.22,1055859400.00,177.50,4.90,3.65,1040.94
September,2001,147.83,6.82,125.20,16365.00,2.77,7.00,34.62,88.75,1059276500.00,178.30,5.00,3.07,1059.78
October,2001,148.41,6.62,140.20,22055.00,2.02,3.10,33.98,88.48,1044591400.00,177.70,5.30,2.49,1139.45
November,2001,148.36,6.66,124.40,18031.00,1.58,3.50,34.00,87.96,1034046900.00,177.40,5.50,2.09,1148.08
December,2001,148.87,7.07,113.60,16465.00,1.33,3.80,34.03,87.93,1021813000.00,176.70,5.70,1.82,1130.20
January,2002,149.36,7.00,115.70,16523.00,1.25,5.70,34.71,88.55,1012119100.00,177.10,5.70,1.73,1106.73
February,2002,150.20,6.89,122.50,17304.00,1.25,5.50,34.74,88.54,1016842800.00,177.80,5.70,1.74,1147.39
March,2002,151.69,7.01,143.20,17107.00,1.25,5.60,34.73,89.21,1011825100.00,178.80,5.70,1.73,1076.92
April,2002,152.95,6.99,156.00,17668.00,1.25,5.50,34.83,89.64,1000265600.00,179.80,5.90,1.75,1067.14
May,2002,154.62,6.81,164.20,16197.00,1.25,6.20,34.94,90.03,990956000.00,179.80,5.80,1.75,989.82
June,2002,156.13,6.65,158.00,16953.00,1.25,6.20,35.02,90.76,984084500.00,179.90,5.80,1.75,911.62
July,2002,157.15,6.49,159.30,18147.00,1.25,5.40,34.90,90.74,976682100.00,180.10,5.80,1.73,916.07
August,2002,158.04,6.29,153.70,18449.00,1.25,5.40,34.88,90.63,972471200.00,180.70,5.70,1.74,815.28
September,2002,158.71,6.09,149.50,16665.00,1.25,5.90,34.89,90.72,966314400.00,181.00,5.70,1.75,885.76
October,2002,159.42,6.11,162.90,16259.00,1.25,5.80,34.96,90.49,962839800.00,181.30,5.70,1.75,936.31
November,2002,159.80,6.07,126.80,16520.00,0.83,5.80,35.03,90.98,960551100.00,181.30,5.90,1.34,879.82
December,2002,160.43,6.05,135.80,17866.00,0.75,5.40,35.09,90.49,957846000.00,180.90,6.00,1.24,855.70
January,2003,160.94,5.92,126.40,16708.00,2.25,5.40,35.02,91.24,950361700.00,181.70,5.80,1.24,841.15
February,2003,162.00,5.84,128.50,16114.00,2.25,5.30,34.87,91.34,941635000.00,183.10,5.90,1.26,848.18
March,2003,163.11,5.75,148.40,16467.00,2.25,5.00,34.93,91.07,937510700.00,184.20,5.90,1.25,916.92
April,2003,164.65,5.81,167.60,16751.00,2.25,5.10,35.11,90.49,935094200.00,183.80,6.00,1.26,963.59
May,2003,166.27,5.48,169.50,16470.00,2.25,5.50,35.35,90.47,924066700.00,183.50,6.10,1.26,974.50
June,2003,167.63,5.23,175.80,17013.00,2.00,5.30,35.43,90.59,917374500.00,183.70,6.30,1.22,990.31
July,2003,168.91,5.63,173.00,17117.00,2.00,6.10,35.83,91.06,921511800.00,183.90,6.20,1.01,1008.01
August,2003,170.01,6.26,169.90,18262.00,2.00,5.90,36.04,90.85,909699600.00,184.60,6.10,1.03,995.97
September,2003,171.06,6.15,169.10,17286.00,2.00,5.10,35.61,91.45,899906900.00,185.20,6.10,1.01,1050.71
October,2003,171.60,5.95,182.80,16489.00,2.00,5.30,35.71,91.56,886951200.00,185.00,6.00,1.01,1058.20
November,2003,172.34,5.93,130.50,17563.00,2.00,5.30,35.90,92.18,881814900.00,184.50,5.80,1.00,1111.92
December,2003,173.15,5.88,147.90,17357.00,2.00,5.20,35.90,92.25,883628500.00,184.30,5.70,0.98,1131.13
January,2004,173.68,5.71,132.00,16695.00,2.00,4.90,35.86,92.41,876398700.00,185.20,5.70,1.00,1144.94
February,2004,175.15,5.64,137.10,17032.00,2.00,4.90,35.90,92.97,874564700.00,186.20,5.60,1.01,1126.21
March,2004,177.08,5.45,190.70,17247.00,2.00,4.70,36.02,92.60,869372900.00,187.40,5.80,1.00,1107.30
April,2004,179.18,5.83,192.50,16898.00,2.00,5.10,36.12,92.98,864493400.00,188.00,5.60,1.00,1120.68
May,2004,181.73,6.27,188.40,18186.00,2.00,5.10,36.27,93.64,862841400.00,189.10,5.60,1.00,1140.84
June,2004,184.20,6.29,197.10,16173.00,2.25,5.60,36.27,92.93,869156100.00,189.70,5.60,1.03,1101.72
July,2004,185.72,6.06,185.90,17309.00,2.25,5.00,36.33,93.61,878138800.00,189.40,5.50,1.26,1104.24
August,2004,186.96,5.87,185.20,17157.00,2.50,5.00,36.42,93.70,883045600.00,189.50,5.40,1.43,1114.58
September,2004,187.99,5.75,174.90,17875.00,2.75,4.40,36.42,93.80,886834000.00,189.90,5.40,1.61,1130.20
October,2004,188.85,5.72,174.50,17514.00,2.75,4.30,36.41,94.62,889305400.00,190.90,5.50,1.76,1173.82
November,2004,189.86,5.73,156.40,17362.00,3.00,3.80,36.28,94.85,897655400.00,191.00,5.40,1.93,1211.92
December,2004,190.78,5.75,155.20,18102.00,3.25,6.60,37.59,95.58,906436200.00,190.30,5.40,2.16,1181.27
January,2005,191.44,5.71,139.70,16889.00,3.25,3.20,36.20,95.93,921444500.00,190.70,5.30,2.28,1203.60
February,2005,193.11,5.63,149.40,16886.00,3.50,2.90,36.20,96.63,931846900.00,191.80,5.40,2.50,1180.59
March,2005,195.80,5.93,190.50,17413.00,3.75,3.10,36.31,96.49,945827100.00,193.30,5.20,2.63,1156.85
April,2005,198.34,5.86,193.20,17756.00,3.75,2.70,36.40,96.68,958557200.00,194.60,5.20,2.79,1191.50
May,2005,200.96,5.72,193.10,17414.00,4.00,3.20,36.54,96.79,968643000.00,194.40,5.10,3.00,1191.33
June,2005,203.39,5.58,211.90,18482.00,4.25,2.60,36.59,97.19,975069500.00,194.50,5.00,3.04,1234.18
July,2005,205.41,5.70,185.50,21135.00,4.25,2.10,36.61,96.90,989664800.00,195.40,5.00,3.26,1220.33
August,2005,206.78,5.82,208.00,17418.00,4.50,2.60,36.64,97.22,995897800.00,196.40,4.90,3.50,1228.81
September,2005,208.07,5.77,193.70,16927.00,4.75,2.70,36.47,95.35,1000958300.00,198.80,5.00,3.62,1207.01
October,2005,208.63,6.07,176.00,15336.00,4.75,2.90,36.62,96.50,1014479800.00,199.20,5.00,3.78,1249.48
November,2005,209.15,6.33,162.90,16524.00,5.00,3.20,36.82,97.56,1022641800.00,197.60,5.00,4.00,1248.29
December,2005,209.53,6.27,151.30,17174.00,5.25,3.10,36.92,98.02,1036175000.00,196.80,4.90,4.16,1280.08
January,2006,210.04,6.15,152.60,18081.00,5.50,3.70,37.30,98.20,1048810700.00,198.30,4.70,4.29,1280.66
February,2006,210.90,6.25,151.00,17071.00,5.50,3.90,37.45,98.24,1058469800.00,198.70,4.80,4.49,1294.87
March,2006,212.53,6.32,194.20,16960.00,5.75,4.10,37.58,98.47,1068688400.00,199.80,4.70,4.59,1310.61
April,2006,213.89,6.51,168.60,17127.00,5.75,3.80,37.53,98.78,1084974600.00,201.50,4.70,4.79,1270.09
May,2006,215.61,6.60,184.40,16729.00,6.00,3.60,37.48,98.79,1103189800.00,202.50,4.60,4.94,1270.20
June,2006,216.35,6.68,184.20,16900.00,6.25,3.70,37.50,99.11,1118786500.00,202.90,4.60,4.99,1276.66
July,2006,216.11,6.76,148.00,17662.00,6.25,3.10,37.46,99.04,1130665100.00,203.50,4.70,5.24,1303.82
August,2006,216.57,6.52,161.20,16458.00,6.25,3.30,37.40,99.46,1152311600.00,203.90,4.70,5.25,1335.85
September,2006,215.81,6.40,136.60,16974.00,6.25,3.20,37.58,99.25,1151211600.00,202.90,4.50,5.25,1377.94
October,2006,215.42,6.36,133.10,16865.00,6.25,3.20,37.72,99.15,1161335400.00,201.80,4.40,5.25,1400.63
November,2006,215.13,6.24,111.40,16657.00,6.25,3.60,37.85,99.10,1170018500.00,201.50,4.50,5.25,1418.30
December,2006,214.21,6.14,113.60,17107.00,6.25,3.50,38.00,100.11,1182589800.00,201.80,4.40,5.24,1438.24
January,2007,214.07,6.22,114.10,16896.00,6.25,3.20,37.96,99.72,1192445300.00,202.42,4.60,5.25,1406.82
February,2007,214.73,6.29,112.10,17169.00,6.25,3.60,38.06,100.69,1205051000.00,203.50,4.50,5.26,1420.86
March,2007,216.39,6.16,139.40,16438.00,6.25,3.90,38.15,100.89,1215776000.00,205.35,4.40,5.26,1482.37
April,2007,217.53,6.18,130.90,16615.00,6.25,3.80,38.17,101.58,1226463500.00,206.69,4.50,5.25,1530.62
May,2007,217.80,6.26,146.00,16661.00,6.25,3.60,38.16,101.65,1244466600.00,207.95,4.40,5.25,1503.35
June,2007,217.74,6.66,135.60,16179.00,6.25,3.50,38.10,101.67,1263864200.00,208.35,4.60,5.25,1455.27
July,2007,216.53,6.70,122.50,15837.00,6.25,3.40,38.11,101.56,1281781600.00,208.30,4.70,5.26,1473.99
August,2007,215.36,6.57,126.00,16379.00,5.75,3.10,38.09,101.78,1307658200.00,207.92,4.60,5.02,1526.75
September,2007,213.70,6.38,100.50,16532.00,5.25,3.10,38.13,102.03,1350044000.00,208.49,4.70,4.94,1549.38
October,2007,211.36,6.38,103.80,16455.00,5.00,3.00,38.08,101.73,1374813200.00,208.94,4.70,4.76,1481.14
November,2007,208.98,6.21,89.50,16354.00,5.00,2.80,38.02,102.32,1393774400.00,210.18,4.70,4.49,1468.36
December,2007,206.81,6.10,77.80,16030.00,4.75,3.20,38.12,102.31,1417693300.00,210.04,5.00,4.24,1378.55
January,2008,204.17,5.76,77.40,15705.00,3.50,3.20,38.10,102.17,1440991400.00,211.08,5.00,3.94,1330.63
February,2008,203.45,5.92,75.00,15491.00,3.50,3.60,38.05,101.77,1449110600.00,211.69,4.90,2.98,1322.70
March,2008,202.41,5.97,79.10,15114.00,2.50,3.40,38.02,101.40,1470720700.00,213.53,5.10,2.61,1385.59
April,2008,201.36,5.92,91.50,14605.00,2.25,2.90,37.84,100.72,1490075500.00,214.82,5.00,2.28,1400.38
May,2008,200.53,6.04,92.30,14697.00,2.25,7.30,39.65,100.14,1491198200.00,216.63,5.40,1.98,1280.00
June,2008,200.04,6.32,110.60,14377.00,2.25,5.10,38.62,99.91,1498212600.00,218.82,5.60,2.00,1267.38
July,2008,198.09,6.43,85.90,13006.00,2.25,4.00,37.99,99.49,1512164100.00,219.96,5.80,2.01,1282.83
August,2008,195.76,6.48,76.30,14119.00,2.25,3.50,37.74,97.94,1513717900.00,219.09,6.10,2.00,1166.36
September,2008,193.22,6.04,70.90,12961.00,2.25,4.30,37.79,93.66,1530928200.00,218.78,6.10,1.81,968.75
October,2008,191.14,6.20,63.70,10933.00,1.25,5.20,38.04,94.58,1586561500.00,216.57,6.50,0.97,896.24
November,2008,186.96,6.09,41.50,10526.00,1.25,6.30,38.33,93.35,1575618500.00,212.43,6.80,0.39,903.25
December,2008,185.23,5.29,41.20,10383.00,0.50,6.20,38.11,90.72,1558797600.00,210.23,7.30,0.16,825.88
January,2009,185.84,5.05,37.60,9786.00,0.50,6.20,38.29,88.47,1544809700.00,211.14,7.80,0.15,735.09
February,2009,186.53,5.13,39.20,9223.00,0.50,5.60,37.88,87.94,1532684800.00,212.19,8.30,0.22,797.87
March,2009,185.01,5.00,45.40,9748.00,0.50,5.90,37.83,86.55,1511255500.00,212.71,8.70,0.18,872.81
April,2009,185.14,4.81,47.80,9379.00,0.50,6.60,38.03,85.86,1491603500.00,213.24,9.00,0.15,919.14
May,2009,186.48,4.86,49.50,10176.00,0.50,7.90,38.54,85.00,1469413100.00,213.86,9.40,0.18,919.32
June,2009,187.27,5.42,61.30,10149.00,0.50,6.20,37.81,84.73,1436301700.00,215.69,9.50,0.21,987.48
July,2009,186.58,5.22,56.10,11566.00,0.50,5.50,37.62,85.71,1395414300.00,215.35,9.50,0.16,1020.62
August,2009,185.95,5.19,54.00,14754.00,0.50,4.50,37.52,86.63,1363529100.00,215.83,9.60,0.16,1057.08
September,2009,184.89,5.06,52.90,9535.00,0.50,5.60,37.60,87.36,1337686800.00,215.97,9.80,0.15,1036.19
October,2009,184.77,4.95,47.90,10576.00,0.50,5.20,37.45,87.55,1307862700.00,216.18,10.00,0.12,1095.63
November,2009,184.60,4.88,42.10,11041.00,0.50,5.60,37.53,87.91,1290163900.00,216.33,9.90,0.12,1115.10
December,2009,181.47,4.93,49.20,11284.00,0.50,5.60,37.70,88.23,1265251500.00,215.95,9.90,0.12,1073.87
January,2010,180.56,5.03,40.40,10893.00,0.50,5.90,37.72,89.19,1238676300.00,216.69,9.80,0.11,1104.49
February,2010,180.12,4.99,45.30,10315.00,0.75,5.60,37.73,89.51,1223569500.00,216.74,9.80,0.13,1169.43
March,2010,180.64,4.97,64.10,11772.00,0.75,5.60,37.86,90.14,1210056300.00,217.63,9.90,0.16,1186.69
April,2010,182.33,5.10,58.90,11454.00,0.75,6.20,38.15,90.47,1207485300.00,218.01,9.90,0.20,1089.41
May,2010,183.98,4.89,51.10,12030.00,0.75,6.70,38.41,91.71,1196744500.00,218.18,9.60,0.20,1030.71
June,2010,183.02,4.74,59.20,11598.00,0.75,6.50,38.41,91.93,1190125000.00,217.97,9.40,0.18,1101.60
July,2010,181.85,4.56,51.60,11948.00,0.75,6.40,38.43,92.27,1188987700.00,218.01,9.40,0.18,1049.33
August,2010,181.12,4.43,53.70,12014.00,0.75,6.50,38.53,92.62,1187842400.00,218.31,9.50,0.19,1141.20
September,2010,178.59,4.35,48.50,11922.00,0.75,6.50,38.50,92.87,1185941500.00,218.44,9.50,0.19,1183.26
October,2010,178.29,4.23,43.50,12414.00,0.75,6.30,38.47,92.61,1184920300.00,218.71,9.40,0.19,1180.55
November,2010,177.05,4.30,40.90,12300.00,0.75,6.10,38.48,92.68,1187120200.00,218.80,9.80,0.19,1257.64
December,2010,174.32,4.71,47.60,12605.00,0.75,6.50,38.68,93.57,1192441200.00,219.18,9.30,0.18,1286.12
January,2011,172.28,4.76,36.30,12806.00,0.75,6.90,38.83,93.38,1196027300.00,220.22,9.10,0.17,1327.22
February,2011,170.97,4.95,37.70,13081.00,0.75,7.20,38.92,93.01,1199749400.00,221.31,9.00,0.16,1325.83
March,2011,169.92,4.84,54.40,13259.00,0.75,6.60,38.78,93.98,1206862000.00,223.47,9.00,0.14,1363.61
April,2011,171.76,4.84,50.70,13326.00,0.75,6.60,38.69,93.65,1214824700.00,224.91,9.10,0.10,1345.20
May,2011,173.06,4.64,57.30,12280.00,0.75,6.50,38.61,93.79,1228921100.00,225.96,9.00,0.09,1320.64
June,2011,174.55,4.51,63.80,11886.00,0.75,6.70,38.73,94.04,1233634200.00,225.72,9.10,0.09,1292.28
July,2011,174.91,4.55,52.60,12720.00,0.75,6.90,38.83,94.51,1244279200.00,225.92,9.00,0.07,1218.89
August,2011,173.73,4.27,62.60,12604.00,0.75,6.90,38.77,95.13,1263335800.00,226.55,9.00,0.10,1131.42
September,2011,173.93,4.11,53.20,13356.00,0.75,6.50,38.69,95.07,1269707800.00,226.89,9.00,0.08,1253.30
October,2011,172.31,4.07,52.00,13730.00,0.75,6.50,38.71,95.73,1280120000.00,226.42,8.80,0.07,1246.96
November,2011,172.46,3.99,51.90,13743.00,0.75,6.60,38.67,95.75,1292909400.00,226.23,8.60,0.08,1257.60
December,2011,171.58,3.96,51.60,13798.00,0.75,7.50,39.01,96.21,1303830700.00,225.67,8.50,0.07,1312.41
January,2012,169.81,3.92,47.80,14395.00,0.75,7.80,39.25,96.81,1321370200.00,226.67,8.30,0.08,1365.68
February,2012,170.26,3.89,53.50,14975.00,0.75,7.80,39.47,97.10,1344450000.00,227.66,8.30,0.10,1408.47
March,2012,172.88,3.95,69.50,14594.00,0.75,8.20,39.59,96.60,1350979900.00,229.39,8.20,0.13,1397.91
April,2012,175.24,3.91,64.10,14769.00,0.75,8.50,39.74,97.30,1368487400.00,230.09,8.20,0.14,1310.33
May,2012,178.11,3.80,77.70,14496.00,0.75,8.60,39.73,97.50,1378908500.00,229.82,8.20,0.16,1362.16
June,2012,179.93,3.68,75.90,14467.00,0.75,8.60,39.68,97.49,1397976200.00,229.48,8.20,0.16,1379.32
July,2012,180.27,3.55,74.10,14380.00,0.75,7.80,39.38,97.72,1413651100.00,229.10,8.20,0.16,1406.58
August,2012,180.69,3.60,80.00,14444.00,0.75,7.60,39.25,97.31,1425846300.00,230.38,8.10,0.13,1440.67
September,2012,180.51,3.50,73.70,15099.00,0.75,8.10,39.50,97.24,1434375800.00,231.41,7.80,0.14,1412.16
October,2012,180.50,3.38,77.50,14830.00,0.75,8.70,39.74,97.56,1449316800.00,231.32,7.80,0.16,1416.18
November,2012,180.70,3.35,68.70,15456.00,0.75,9.50,40.24,97.96,1457288800.00,230.22,7.70,0.16,1426.19
December,2012,180.15,3.35,67.20,15462.00,0.75,11.60,41.19,98.21,1474485400.00,229.60,7.90,0.16,1498.11
January,2013,180.35,3.41,65.50,15813.00,0.75,5.90,38.79,98.20,1485068200.00,230.28,8.00,0.14,1514.68
February,2013,181.58,3.53,67.80,15861.00,0.75,5.60,38.66,98.68,1491528100.00,232.17,7.70,0.15,1569.19
March,2013,184.86,3.57,77.70,15721.00,0.75,5.90,38.76,99.10,1499818900.00,232.77,7.50,0.14,1597.57
April,2013,187.35,3.45,92.80,15811.00,0.75,6.20,38.86,98.99,1507280300.00,232.53,7.60,0.15,1630.74
May,2013,190.73,3.54,97.20,15884.00,0.75,6.40,39.02,99.08,1510290100.00,232.95,7.50,0.11,1606.28
June,2013,193.14,4.07,85.70,16149.00,0.75,6.50,39.00,99.21,1521742800.00,233.50,7.50,0.09,1685.73
July,2013,194.15,4.37,90.20,16021.00,0.75,6.30,38.94,98.91,1531745400.00,233.60,7.30,0.09,1632.97
August,2013,193.67,4.46,87.10,15827.00,0.75,6.40,39.00,99.49,1533293500.00,233.88,7.20,0.08,1681.55
September,2013,193.70,4.49,83.10,15857.00,0.75,6.50,39.14,100.02,1539969000.00,234.15,7.20,0.08,1756.54
October,2013,193.13,4.19,92.50,15727.00,0.75,6.00,39.00,99.90,1549373800.00,233.55,7.20,0.09,1805.81
November,2013,192.58,4.26,73.50,16079.00,0.75,5.80,39.07,100.15,1558600100.00,233.07,6.90,0.08,1848.36
December,2013,192.27,4.46,77.80,15835.00,0.75,6.00,39.13,100.36,1574321200.00,233.05,6.70,0.09,1782.59
January,2014,191.95,4.43,68.60,15614.00,0.75,6.70,39.29,99.98,1586714300.00,233.92,6.60,0.07,1859.45
February,2014,192.92,4.30,72.30,15993.00,0.75,6.60,39.48,100.75,1619892100.00,234.78,6.70,0.07,1872.34
March,2014,195.22,4.34,86.30,16985.00,0.75,6.70,39.67,101.74,1634240100.00,236.29,6.70,0.08,1883.95
April,2014,197.39,4.34,99.10,16695.00,0.75,6.90,39.81,101.80,1650929400.00,237.07,6.20,0.09,1923.57
May,2014,199.68,4.19,93.80,17137.00,0.75,7.10,39.93,102.21,1663526100.00,237.90,6.30,0.09,1960.23
June,2014,201.92,4.16,95.70,17516.00,0.75,7.10,40.06,102.56,1676756500.00,238.34,6.10,0.10,1930.67
July,2014,202.63,4.13,97.10,17277.00,0.75,7.20,40.15,102.84,1694750000.00,238.25,6.20,0.09,2003.37
August,2014,202.23,4.12,90.30,17239.00,0.75,7.00,40.31,102.65,1711899500.00,237.85,6.10,0.09,1972.29
September,2014,201.39,4.16,92.70,16959.00,0.75,7.20,40.41,102.96,1725645000.00,238.03,5.90,0.09,2018.05
October,2014,201.39,4.04,98.40,16756.00,0.75,7.10,40.56,102.97,1730513800.00,237.43,5.70,0.09,2067.56
November,2014,201.62,4.00,72.80,16949.00,0.75,7.30,40.74,103.60,1751428500.00,236.15,5.80,0.09,2058.90
December,2014,201.62,3.86,85.00,17178.00,0.75,7.70,40.99,103.59,1773282900.00,234.81,5.60,0.12,1994.99
January,2015,200.73,3.67,71.00,16912.00,0.75,8.00,41.20,102.80,1791464400.00,233.71,5.70,0.11,2104.50
February,2015,202.58,3.71,78.60,16895.00,0.75,8.10,41.32,102.16,1807989100.00,234.72,5.50,0.11,2067.89
March,2015,205.26,3.77,92.50,17894.00,0.75,7.70,41.18,101.81,1834756500.00,236.12,5.40,0.11,2085.51
April,2015,207.36,3.67,106.00,17689.00,0.75,7.60,41.25,101.23,1847559300.00,236.60,5.40,0.12,2107.39
May,2015,210.41,3.84,111.90,17945.00,0.75,7.50,41.29,100.75,1863304800.00,237.81,5.60,0.12,2063.11
June,2015,212.42,3.98,134.80,17881.00,0.75,7.40,41.29,100.45,1880071000.00,238.64,5.30,0.13,2103.84
July,2015,213.18,4.05,103.20,18305.00,0.75,7.30,41.36,101.11,1889401500.00,238.65,5.20,0.13,1972.18
August,2015,212.54,3.91,98.40,18407.00,0.75,7.30,41.42,100.88,1903478600.00,238.32,5.10,0.14,1920.03
September,2015,212.43,3.89,98.30,18273.00,0.75,7.40,41.50,100.61,1915243900.00,237.95,5.00,0.14,2079.36
October,2015,212.48,3.80,99.30,18272.00,0.75,7.50,41.56,100.15,1929765700.00,237.84,5.00,0.12,2080.41
November,2015,212.77,3.94,91.00,18320.00,0.75,7.30,41.53,99.38,1946080300.00,237.34,5.10,0.12,2043.94
December,2015,212.46,3.96,97.50,17492.00,1.00,7.40,41.70,98.86,1952975600.00,236.53,5.00,0.24,1940.24
January,2016,212.35,3.87,76.20,18070.00,1.00,7.70,41.83,99.41,1963855000.00,236.92,4.80,0.34,1932.23
February,2016,212.95,3.66,86.30,18080.00,1.00,7.20,41.85,98.89,1987136700.00,237.11,4.90,0.38,2059.74
March,2016,216.70,3.69,99.80,17290.00,1.00,7.60,41.83,98.14,2019220400.00,238.13,5.00,0.36,2065.30
April,2016,219.17,3.61,101.90,17664.00,1.00,7.20,41.73,98.44,2033008200.00,239.26,5.10,0.37,2096.95
May,2016,221.84,3.60,110.30,17697.00,1.00,6.90,41.68,98.21,2047804700.00,240.23,4.80,0.37,2098.86
June,2016,224.05,3.57,117.60,17728.00,1.00,6.60,41.67,98.68,2050670000.00,241.02,4.90,0.38,2173.60
July,2016,225.03,3.44,97.90,18123.00,1.00,6.80,41.78,98.84,2057731100.00,240.63,4.80,0.39,2170.95
August,2016,224.93,3.44,111.60,17917.00,1.00,6.80,41.79,98.73,2051341500.00,240.85,4.90,0.40,2168.27
September,2016,225.03,3.46,111.70,17949.00,1.00,6.80,41.85,98.63,2070219300.00,241.43,5.00,0.40,2126.15
October,2016,225.01,3.47,104.00,17966.00,1.00,6.90,41.88,98.71,2085767500.00,241.73,4.90,0.40,2198.81
November,2016,225.28,3.77,94.50,17785.00,1.00,7.00,41.95,98.30,2089148300.00,241.35,4.70,0.41,2238.83
December,2016,225.47,4.20,94.80,18278.00,1.25,6.50,42.01,98.91,2083782300.00,241.43,4.70,0.54,2278.87
January,2017,224.62,4.15,90.60,17654.00,1.25,6.90,42.18,98.73,2082380100.00,242.84,4.70,0.65,2363.64
February,2017,226.56,4.17,86.90,17702.00,1.25,7.20,42.27,98.42,2082491300.00,243.60,4.60,0.66,2362.72
March,2017,230.06,4.20,115.30,17047.00,1.50,7.20,42.43,99.07,2066433400.00,243.80,4.40,0.79,2384.20
April,2017,233.22,4.05,105.00,17188.00,1.50,7.30,42.48,100.05,2067026300.00,244.52,4.40,0.90,2411.80
May,2017,235.97,4.01,115.30,17070.00,1.50,7.80,42.74,100.14,2071370300.00,244.73,4.40,0.91,2423.41
June,2017,237.64,3.90,130.80,17122.00,1.75,7.50,42.72,100.31,2072798900.00,244.96,4.30,1.04,2470.30
July,2017,238.72,3.97,102.90,17251.00,1.75,7.60,42.81,100.14,2076156800.00,244.79,4.30,1.15,2471.65
August,2017,239.32,3.88,122.10,17040.00,1.75,7.60,42.81,99.69,2084007700.00,245.52,4.40,1.16,2519.36
September,2017,239.09,3.81,103.30,18318.00,1.75,7.30,42.83,99.78,2102812600.00,246.82,4.30,1.15,2575.26
October,2017,238.93,3.90,116.30,18484.00,1.75,7.40,42.90,101.04,2112032200.00,246.66,4.20,1.15,2647.58
November,2017,239.73,3.92,98.80,17995.00,1.75,6.90,42.91,101.23,2104858400.00,246.67,4.20,1.16,2673.61
December,2017,239.38,3.95,94.80,17903.00,2.00,6.30,42.95,101.39,2103482100.00,246.52,4.10,1.30,2823.81
January,2018,240.36,4.03,98.40,17508.00,2.00,7.10,43.22,101.35,2107568400.00,247.87,4.00,1.41,2713.83
February,2018,243.02,4.33,93.40,17461.00,2.00,7.20,43.28,101.71,2109112000.00,248.99,4.10,1.42,2640.87
March,2018,245.85,4.44,119.40,17628.00,2.25,7.20,43.39,102.28,2121817700.00,249.55,4.00,1.51,2648.05
April,2018,247.99,4.47,121.50,17651.00,2.25,7.20,43.48,103.43,2163841000.00,250.55,4.00,1.69,2705.27
May,2018,250.87,4.59,126.90,17558.00,2.25,7.20,43.59,102.47,2170276200.00,251.59,3.80,1.70,2718.37
June,2018,252.55,4.57,123.30,17571.00,2.50,7.40,43.73,103.25,2188011700.00,251.99,4.00,1.82,2816.29
July,2018,253.33,4.53,114.50,17456.00,2.50,7.50,43.91,103.46,2201407200.00,252.01,3.80,1.91,2901.52
August,2018,253.70,4.55,118.20,17390.00,2.50,7.60,44.05,104.18,2206346800.00,252.15,3.80,1.91,2913.98
September,2018,253.01,4.63,100.40,17828.00,2.75,7.70,44.03,104.17,2222697000.00,252.44,3.70,1.95,2711.74
October,2018,252.70,4.83,113.90,18299.00,2.75,7.60,44.15,104.05,2247788800.00,252.89,3.80,2.19,2760.17
November,2018,253.38,4.87,102.30,18020.00,2.75,7.50,44.27,103.96,2272263600.00,252.04,3.80,2.20,2506.85
December,2018,252.52,4.64,96.60,18167.00,3.00,9.40,44.81,103.87,2301559500.00,251.23,3.90,2.27,2704.10
January,2019,253.33,4.46,96.00,17291.00,3.00,9.30,44.85,103.27,2322736700.00,251.71,4.00,2.40,2784.49
February,2019,254.90,4.37,91.20,16968.00,3.00,9.50,44.97,102.82,2328088700.00,252.78,3.80,2.40,2834.40
March,2019,257.83,4.27,107.80,17733.00,3.00,9.10,44.99,102.90,2336253900.00,254.20,3.80,2.41,2945.83
April,2019,260.75,4.14,121.20,16898.00,3.00,8.90,44.87,102.38,2326925500.00,255.55,3.60,2.42,2752.06
May,2019,263.53,4.07,127.00,17725.00,3.00,8.60,44.86,102.58,2330638400.00,256.09,3.60,2.39,2941.76
June,2019,264.84,3.80,113.80,17680.00,3.00,8.50,44.92,102.59,2335422400.00,256.14,3.60,2.38,2980.38
July,2019,265.69,3.77,121.90,17551.00,3.00,8.40,44.99,102.20,2343203000.00,256.57,3.70,2.40,2926.46
August,2019,265.67,3.62,131.50,17635.00,2.75,8.70,45.23,102.91,2361509900.00,256.56,3.70,2.13,2976.74
September,2019,266.27,3.61,118.30,17770.00,2.50,8.90,45.33,102.58,2368141500.00,256.76,3.50,2.04,3037.56
October,2019,266.41,3.69,135.80,17425.00,2.25,8.90,45.38,101.78,2368734800.00,257.35,3.60,1.83,3140.98
November,2019,266.77,3.70,111.00,17645.00,2.25,8.90,45.54,102.10,2367848900.00,257.21,3.60,1.55,3230.78
December,2019,267.43,3.72,110.70,17540.00,2.25,8.30,45.33,101.76,2356076700.00,256.97,3.60,1.55,3225.52
January,2020,268.54,3.62,116.40,17314.00,2.25,9.10,45.71,101.30,2352642100.00,257.97,3.50,1.55,2954.22
February,2020,271.60,3.47,102.90,17061.00,2.25,9.30,45.95,101.70,2346827000.00,258.68,3.50,1.58,2584.59
March,2020,274.23,3.45,119.00,11680.00,0.25,13.80,45.26,97.87,2562922900.00,258.12,4.40,0.65,2912.43
April,2020,276.53,3.31,98.40,8923.00,0.25,33.80,52.00,84.96,2921004700.00,256.39,14.70,0.05,3044.31
May,2020,277.24,3.23,107.30,12328.00,0.25,24.90,49.52,86.33,3033606900.00,256.39,13.20,0.05,3100.29
June,2020,280.67,3.16,127.20,13271.00,0.25,20.10,49.06,91.75,2922453800.00,257.80,11.00,0.08,3271.12
July,2020,284.04,3.02,138.90,15075.00,0.25,19.20,49.35,95.24,2854106600.00,259.10,10.20,0.09,3500.31
August,2020,287.80,2.94,128.90,15704.00,0.25,15.50,47.43,96.12,2811508800.00,259.92,8.40,0.10,3363.00
September,2020,291.46,2.89,136.30,16692.00,0.25,14.60,47.60,96.07,2755011800.00,260.28,7.90,0.09,3269.96
October,2020,294.66,2.83,135.90,17084.00,0.25,14.00,47.38,96.83,2694918600.00,260.39,6.90,0.09,3621.63
November,2020,296.82,2.77,123.10,16492.00,0.25,13.30,46.76,97.12,2638707000.00,260.23,6.70,0.09,3756.07
December,2020,298.90,2.68,137.00,16927.00,0.25,13.80,46.80,98.14,2594208600.00,260.47,6.70,0.09,3714.24
January,2021,301.67,2.74,131.90,17327.00,0.25,20.00,51.51,99.26,2567298600.00,261.58,6.40,0.09,3811.15
February,2021,306.21,2.81,122.50,16106.00,0.25,13.40,47.18,96.22,2586749800.00,263.01,6.20,0.08,3972.89
March,2021,313.38,3.08,160.30,18223.00,0.25,26.30,57.88,98.86,2588714400.00,264.88,6.00,0.07,4181.17
April,2021,320.55,3.06,160.60,18655.00,0.25,12.80,49.00,99.02,2554670400.00,267.05,6.00,0.07,4204.11
May,2021,327.76,2.96,144.50,17177.00,0.25,10.30,47.56,99.78,2539674400.00,269.20,5.80,0.06,4297.50
June,2021,334.11,2.98,156.80,15757.00,0.25,9.30,47.30,100.19,2471278900.00,271.70,5.90,0.08,4395.26
July,2021,338.75,2.87,141.10,15067.00,0.25,9.90,47.63,100.87,2444161300.00,273.00,5.40,0.10,4522.68
August,2021,341.18,2.84,156.80,13486.00,0.25,9.50,47.56,100.84,2421026200.00,273.57,5.20,0.09,4307.54
September,2021,343.71,2.90,136.20,12731.00,0.25,7.90,46.87,99.85,2407760600.00,274.31,4.70,0.08,4605.38
October,2021,346.59,3.07,137.70,13662.00,0.25,7.30,46.87,101.36,2413359100.00,276.59,4.60,0.08,4567.00
November,2021,349.60,3.07,133.40,13542.00,0.25,7.10,46.73,101.96,2430037400.00,277.95,4.20,0.08,4766.18
December,2021,352.52,3.10,155.30,13173.00,0.25,7.50,46.55,101.76,2470287400.00,278.80,3.90,0.08,4515.55
January,2022,357.10,3.45,132.30,15549.00,0.25,4.70,45.50,102.15,2483468900.00,281.15,4.00,0.08,4373.94
February,2022,365.44,3.76,131.50,14164.00,0.25,4.50,45.46,102.90,2490862800.00,283.72,3.80,0.08,4530.41
March,2022,373.26,4.17,169.00,14003.00,0.25,3.80,45.26,103.57,2532510800.00,287.50,3.60,0.20,4131.93
April,2022,381.52,4.98,156.60,14740.00,0.25,3.70,45.29,104.27,2561822800.00,289.11,3.60,0.33,4132.15
May,2022,387.89,5.23,149.00,13044.00,0.25,3.60,45.26,104.16,2601412900.00,292.30,3.60,0.77,3785.38
June,2022,388.58,5.52,157.20,13523.00,0.25,3.00,45.08,104.08,2659310200.00,296.31,3.60,1.21,4130.29
July,2022,385.76,5.41,134.40,13811.00,0.25,3.50,45.31,104.76,2694322300.00,296.28,3.50,1.68,3955.00
August,2022,381.79,5.22,139.00,13740.00,0.25,3.40,45.38,104.65,2721389800.00,296.17,3.70,2.33,3585.62
September,2022,377.67,6.11,129.60,14047.00,0.25,3.10,45.39,104.81,2747997300.00,296.81,3.50,2.56,3871.98
October,2022,377.67,6.90,120.80,15396.00,0.25,3.70,45.33,104.69,2780803300.00,298.01,3.70,3.08,4026.12